{"lr": 0.004994597283887284, "data_time": 0.017438268661499022, "loss": 0.9684853076934814, "decode.loss_ce": 0.39922563880681994, "decode.loss_dice": 0.42317256033420564, "decode.acc_seg": 87.42828369140625, "aux.loss_ce": 0.14608711749315262, "aux.acc_seg": 87.42828369140625, "time": 0.07431457042694092, "iter": 50, "memory": 5009, "step": 50}
