{"lr": 0.004994597283887284, "data_time": 0.040362548828125, "loss": 1.010436862707138, "decode.loss_ce": 0.43094980269670485, "decode.loss_dice": 0.42321676313877105, "decode.acc_seg": 90.5731201171875, "aux.loss_ce": 0.156270282715559, "aux.acc_seg": 90.5731201171875, "time": 0.07345347404479981, "iter": 50, "memory": 4908, "step": 50}
